NEGATIVE	#Merck ( $MRK) 2015 Net Income Decreases; Proposes To Increase Dividend. Read more: https://t.co/b6l2yyLWbg
POSITIVE	Is #Merck ( $MRK)'s Keytruda Headed for Extended Dominance in Immunotherapy Drugs Race?. Read more: https://t.co/E5Xgi037ro
POSITIVE	Associate #Scientist Engineering Requirement @ #Merck | #USA #BS in #Chemical #Engineering #Biotech #Jobs https://t.co/uNbLuS0MXJ
POSITIVE	Germany's #Merck ( $MRK) Boosted by Life Sciences. Read more: https://t.co/3vxGeCmKIg
POSITIVE	RT @KariFassbender: Follow @minsungseankim's keynote at the #pitchday for the #merck #accelerator LIVE ON #Periscope  https://t.co/V7VPpxMk…
POSITIVE	NEW JOB: West Point PA - Manager Operations - Merck  Co. Inc. Kenilworth N.J. U.S.A. know... https://t.co/R9FNIOAdDc #Merck #hiring #jobs
POSITIVE	RT #Merck scientists identify new combinatorial drugs to combat MRSA https://t.co/apyxvVfp1t
POSITIVE	RT @merckgroup: "We are a different company from what we were 10 years ago." #Merck CEO Kley says at our annual press conference. https://t…
NEUTRAL	RT @Kindhearted2015: How about #Vaccine Manufacturers like #Merck? It's acceptable that they have ZERO liability for a #vaccineinjury?  htt…
NEGATIVE	RT @mastersrock222: #Sanofi and #Merck pull the plug on European vaccines venture  #pharmacompass    https://t.co/JOftMTcL6F https://t.co/u…
POSITIVE	#Merck CEO Karl-Ludwig Kley welcomes journalists to his last annual press conference https://t.co/L06Q6TYk0u
POSITIVE	#Merck ( $MRK) Says FDA Accepts Supplemental Biologics License Application For Keytruda . Read more: https://t.co/9kAK6MTIOX
NEGATIVE	RT @susan_welch7: https://t.co/kr62sxjDOe 'Vaccine booster industry booming. Did #Merck lie about #MMR effectiveness?' #CDCwhistleblower
NEGATIVE	RT @susan_welch7: https://t.co/kr62sxjDOe 'Vaccine booster industry booming. Did #Merck lie about #MMR effectiveness?' #CDCwhistleblower
POSITIVE	RT @pharma_sector: #Merck ( $MRK) links up with University of Buea, Cameroon to accelerate treatment for river blin... Read more: https://t…
POSITIVE	#sparkcuriosity with Puelmapu students in Santiago de Chile. Those experiences will be also in our minds. #Merck https://t.co/i3HjM0bejB
NEUTRAL	#Merck #manufacturing reshuffle - #PharmaNews https://t.co/PvCJWW2Iz6
NEUTRAL	SELL #Merck &amp; Company, $MRK. Target: 52.28 (-0.15%).  https://t.co/3SOFJL7qz7  #trading #stocks #investing
NEGATIVE	Pharmalot Pharmalittle: #Gilead &amp; #Merck battle over #hepatitis C patents  #pharmacompass   https://t.co/6vuHylMvHz https://t.co/JMK3YEocrv
POSITIVE	#Merck ( $MRK) KGaA aims for 2016 earnings growth thanks to takeover. Read more: https://t.co/NE71AnVCyV
NEUTRAL	Next: Fedor from Healthprint #Merck #Accelerator https://t.co/hzTwuUFjGk
POSITIVE	XLHEALTH: RT KariFassbender: Q&amp;A session Medic_sen by our elaborated jury merckgroup #pitchday #merck #accelerator… https://t.co/GSHYuwQuuK
POSITIVE	#Merck CEO Kley: My successor Stefan Oschmann is the right person at the right place and at the right time.
NEGATIVE	$MRK:US Gilead Tries to Block Merck''s Patent Claims on Hepatitis Drugs #MERCK &amp; CO  https://t.co/q3e3IRE5gS #SP500
POSITIVE	Johannes Baillou, Chairman of the board of partners of #Merck KG visited #iBET_Portugal. https://t.co/HS7QrqF8B5
POSITIVE	#Merck #accelerator #pitch#day starts with the keynote by Min-Sung @XLHEALTH https://t.co/BgriZ9KmC5
NEGATIVE	$MRK #MERCK KGAA Healthcare remains weak, Life Science becomes the new shinin... https://t.co/RT3Z9yDB6m #stocks https://t.co/FVIq8eIYCW
NEGATIVE	@SenSanders Nor should pharmaceuticals like #Merck be allowed to treat patients deaths as my mother's on VIOXX like a mere typo, w/o remorse
POSITIVE	Startups get in contact with Merck internal project teams to learn one from another. #Merck #accelerator
POSITIVE	#Merck KGaA : Life Science Leader Merck Launches New Innovations at Pittcon 2016 https://t.co/5fvtztrMVv $MRK
POSITIVE	SGC and FAPESP co hosting this exciting event ahead of SGC Board meeting #SGC #merck #msd https://t.co/USDVfuiz2v
POSITIVE	Get a personal introduction to VCs #merck #accelerator @minsungseankim
POSITIVE	Sanofi Pasteur and MSD Known as #Merck ( $MRK) in the United States and Canada Announce Intent t... Read more: https://t.co/qOdO1L4gjS
POSITIVE	See how our new brand identity reflects transformation of #Merck into a global science &amp; technology company. https://t.co/dEHyy2X65o
POSITIVE	How to get VC: demonstrate deep knowledge of your market #Merck #accelerator @minsungseankim
NEGATIVE	Ending 20-year partnership, Sanofi and Merck close down joint vaccines venture https://t.co/m8OGZ3NkQw #merck #Sanofi #vaccine #pharma
POSITIVE	#Merck ( $MRK) KGaA aims for 2016 earnings growth thanks to takeover. Read more: https://t.co/O4LkcF8WhT
NEUTRAL	What Awaits #Merck ( $MRK) KGaA (MKGAF) this Earnings Season?. Read more: https://t.co/5SMYFLr0Y3
POSITIVE	Last pitch of the #pitchday #merck #accelerator: NanoWired https://t.co/4di3lUTqbk
NEGATIVE	#Gilead, #Merck Spar Over #Hepatitis C $1,000-Pill Royalties https://t.co/2sNerQP3Jf via @business
POSITIVE	Very excited to work with @theGiftedMom for 3 months in the #merck #accelerator #africa Meet them at #CeBIT2016  https://t.co/nfLEVSoFc9
POSITIVE	Presenting our 1st intake for the #Merck #accelerator #Africa in #Nairobi @theGiftedMom @MitiHealth&amp;Flare #cebit2016 https://t.co/scNB03kd4M
POSITIVE	Life science becoming 'growth engine' following Sigma-Aldrich buy, #Merck ( $MRK). Read more: https://t.co/YIurIFAIAg
NEGATIVE	#Sanofi and #Merck pull the plug on European vaccines venture https://t.co/UPYZVfQgcE #pharma
NEGATIVE	#HillaryClinton's campaign mgr, #JohnPodesta lobbies for the worst of the worst #BP #Walmart #BOA #Raytheon #Merck https://t.co/PhIcuvOHMm
POSITIVE	RT @KariFassbender: Last pitch of the #pitchday #merck #accelerator: NanoWired https://t.co/4di3lUTqbk
NEGATIVE	#Sanofi and #Merck dissolve longstanding vaccines alliance https://t.co/FUZxK9ziZW.
POSITIVE	#Merck &amp; Co., Inc. ( $MRK) Position Boosted by Horan Capital Management. Read more: https://t.co/S52wyZW8Ws
POSITIVE	#Merck&amp;Co. is on Web9 - https://t.co/uxvKIJfd4B. https://t.co/XD0OehHsWl
POSITIVE	#Merck&amp;Co. is on Web9 - https://t.co/Y9jirwrsdh. https://t.co/mPdfoEQBOO
NEUTRAL	#Merck KGaA ( $MRK) Given a €88.00 Price Target at HSBC. Read more: https://t.co/C0DvYz2o8c
NEGATIVE	Sanofi, #Merck ( $MRK) and Co Terminate Joint Vaccines Venture in Europe. Read more: https://t.co/B3Kq6UOdua
POSITIVE	"We aim to become no. 1 in #OLED", #Merck's Walter Galinat told @DowJones (interview in German language) @UDCOLED  https://t.co/k9Z4s7gFVo
POSITIVE	RT @merckgroup: "We aim to become no. 1 in #OLED", #Merck's Walter Galinat told @DowJones (interview in German language) @UDCOLED  https://…
POSITIVE	RT @merckgroup: "We aim to become no. 1 in #OLED", #Merck's Walter Galinat told @DowJones (interview in German language) @UDCOLED  https://…
POSITIVE	RT @merckgroup: "We aim to become no. 1 in #OLED", #Merck's Walter Galinat told @DowJones (interview in German language) @UDCOLED  https://…
POSITIVE	#Merck ( $MRK) KGaA aims for 2016 earnings growth thanks to takeover. Read more: https://t.co/06jtKFa3Xc
NEUTRAL	#Merck KGaA ( $MRK) Given a €82.00 Price Target at Societe Generale. Read more: https://t.co/OX4j9z08Cd
NEUTRAL	Sanofi : Sanofi Pasteur and MSD (Known as #Merck ( $MRK) in the U... Read more: https://t.co/qGbPfq3NFR
POSITIVE	Pitch Day for the #Merck #Accelerator is about to start @merckgroup Very excited!!! https://t.co/60tZabdIl9
NEGATIVE	RT @reutersBenHir: #Sanofi and #Merck pull the plug on European #vaccines venture https://t.co/fPI9wJcbgt
NEGATIVE	RT @reutersBenHir: #Sanofi and #Merck pull the plug on European #vaccines venture https://t.co/fPI9wJcbgt
POSITIVE	Follow @minsungseankim's keynote at the #pitchday for the #merck #accelerator LIVE ON #Periscope  https://t.co/V7VPpxMk9m
POSITIVE	RT @KariFassbender: Polywed provides personalized fertility recommendation couples! #pitchday #merck #accelerator @merckgroup @XLHEALTH htt…
POSITIVE	RT @EladRatson: #Germany #pharma giant #Merck to fund #cancer #research in #Israel @WeizmannScience https://t.co/YrmMu30S3r https://…
NEGATIVE	Sanofi Pasteur &amp; #Merck ( $MRK) to End Joint Vaccines Venture. Read more: https://t.co/Sxy5AIRYpu
POSITIVE	RT @merckgroup: #Merck CFO: We aim to grow our Life Science business sector in line with the market. #Merck2015 #annualreport https://t.co/…
POSITIVE	#Merck ( $MRK) appoints Sanat Chattopadhyay as VP President. Read more: https://t.co/G9aBB98BW8
POSITIVE	RT @K_Biosciences: Associate #Scientist Engineering Requirement @ #Merck | #USA #BS in #Chemical #Engineering #Biotech #Jobs https://t.co/u…
POSITIVE	RT @K_Biosciences: Associate #Scientist Engineering Requirement @ #Merck | #USA #BS in #Chemical #Engineering #Biotech #Jobs https://t.co/u…
POSITIVE	NEW JOB: Philadelphia PA - Manager Operations - Multiple Shifts - Merck  Co. Inc. Kenilwo... https://t.co/cAYWDP1sla #Merck #hiring #jobs
POSITIVE	#Merck initiates Phase III study of adalimumab #biosimilar MSB11022, in Chronic Plaque #Psoriasis https://t.co/CGglFII5MV
NEGATIVE	E&amp;G Advisors LP Sells 6,595 Shares of #Merck &amp; Co., Inc. ( $MRK). Read more: https://t.co/0CxcEVrM3P
POSITIVE	#Merck ( $MRK) Names Sanat Chattopadhyay President of Merck Manufacturing Division; Will Succeed... Read more: https://t.co/giH8atTuYw
NEGATIVE	RT @HCVNEWDRUGS: #Gilead, #Merck Spar Over #Hepatitis C $1,000-Pill Royalties https://t.co/2sNerQP3Jf via @business
POSITIVE	#Merck ( $MRK) : Sanat Chattopadhyay named as president of Merck Manufacturing Division. Read more: https://t.co/OYnVqCAfhk
NEGATIVE	#Merck ( $MRK), Sanofi Pasteur ending JV to market vaccines in Europe. Read more: https://t.co/QqDQPY7qfd
NEGATIVE	#Merck Profit Dented by Acquisition Costs https://t.co/45OHowweqp $MRK
POSITIVE	#Merck CEO Kley: We are no longer a pharma and chemical company but a science and technology company https://t.co/KZSHcQy5DG
NEUTRAL	Ex-#Merck employee turned anti-vaccine activist now terrorized by Big Pharma Black Ops... https://t.co/osCi2cJ2gu https://t.co/gVrAKgzr9Q
POSITIVE	With help from #Merck immune therapy product Jimmy Carter says he no longer needs #Cancer treatment https://t.co/spPn1n4K3i
NEGATIVE	#Gilead Tries to Block #Merck’s #PatentClaims on New #HepatitisC Drugs https://t.co/wqk1Gjbrgp via @WSJ
POSITIVE	NEW JOB: Elkton VA - Operations Manager - Merck  Co. Inc. Kenilworth N.J. U.S.A. known as... https://t.co/uSUrO1cUmW #Merck #hiring #jobs
POSITIVE	VA expands hepatitis C treatment to all patients with the virus - https://t.co/jKVDXc5oTU #Merck #Veterans #FDA https://t.co/OWbRrrV7PA
POSITIVE	RT @ohaganr: SGC and FAPESP co hosting this exciting event ahead of SGC Board meeting #SGC #merck #msd https://t.co/USDVfuiz2v
POSITIVE	Success story for #Merck's #Keytruda immunotherapy? Jimmy #Carter says he no longer needs #cancer treatments https://t.co/H6wiKETqOW
NEGATIVE	#Merck Goes to #Court Against #GileadSciences - $GILD $MRK https://t.co/IffzhFdvsv https://t.co/HadZe0W5sO
POSITIVE	NEW JOB: PA - Senior Statistician - Responsibilities Developing coordinating and providin... https://t.co/rJ9gmIGjH9 #Merck #hiring #jobs
NEGATIVE	#Merck ( $MRK) Goes To Court Against Gilead Sciences. Read more: https://t.co/6crSIPmLCl
NEGATIVE	Is #Bayer #Merck blocking the TRUTH #SweeteningThePill @RickiLake @abbyepstein @MSNBC? #Essure #WomensLivesMatter https://t.co/NhGEQvJXVJ
NEGATIVE	#Merck's #mumpsvaccine doesn't work. Their answer? Another #boostershot How many more? https://t.co/Ccu5OaaOvq https://t.co/kdpOXb9fLv
POSITIVE	.@INHouseGOP @INSenateGOP #patriciaMiller designee 4 Women In Govt sponsored by #merck #gsk #eli &amp; more. nO #sb162 https://t.co/6XNCQy9dc3
POSITIVE	NEW JOB: Philadelphia PA - Manager Operations - Multiple Shifts - Merck  Co. Inc. Kenilwo... https://t.co/kYxA3h8Ga5 #Merck #hiring #jobs
POSITIVE	With help from #Merck's cancer therapy product Jimmy Carter says he no longer needs cancer treatment https://t.co/UVAn4tjWuS
POSITIVE	RT @KariFassbender: @matibabu8 providing non invasive malaria diagnosis in real time #merck #accelerator #pitchday @MakerereU https://t.co/…
POSITIVE	RT @KariFassbender: @matibabu8 providing non invasive malaria diagnosis in real time #merck #accelerator #pitchday @MakerereU https://t.co/…
POSITIVE	RT @KariFassbender: @matibabu8 providing non invasive malaria diagnosis in real time #merck #accelerator #pitchday @MakerereU https://t.co/…
POSITIVE	RT @KariFassbender: @matibabu8 providing non invasive malaria diagnosis in real time #merck #accelerator #pitchday @MakerereU https://t.co/…
POSITIVE	RT @KariFassbender: @matibabu8 providing non invasive malaria diagnosis in real time #merck #accelerator #pitchday @MakerereU https://t.co/…
NEGATIVE	RT @CFingraphs: #MERCK https://t.co/ZTIcvYqTx7 Pot. cont. Downtrend LONGERTERM Wly-Dly-Hly combo chart $DAX #Boerse https://t.co/qjXPeKZun4
NEGATIVE	RT @CFingraphs: #MERCK https://t.co/ZTIcvYqTx7 Pot. cont. Downtrend LONGERTERM Wly-Dly-Hly combo chart $DAX #Boerse https://t.co/qjXPeKZun4
NEGATIVE	#Sanofi, #Merck end vaccine joint venture in Europe https://t.co/VlL3pJRTq9 #pharma #vaccinejointventure
NEGATIVE	Sanofi, #Merck ( $MRK) &amp; Co. to End Two-Decade Long Vaccines Joint Venture in Europe  . Read more: https://t.co/b8qYl5iB81
POSITIVE	@matibabu8 providing non invasive malaria diagnosis in real time #merck #accelerator #pitchday @MakerereU https://t.co/PGpqVm52hZ
POSITIVE	First Quadrant L P CA Has $22,180,000 Position in #Merck &amp; Co., Inc. ( $MRK). Read more: https://t.co/92x7l3WxRq
POSITIVE	#Merck ( $MRK) says US FDA accepts its sBLA for Keytruda. Read more: https://t.co/a2IwaY07iP
POSITIVE	#Merck ( $MRK) KGaA's 2015 Sales Jump on Life Sciences Contribution, Sigma-Aldrich Acquisition. Read more: https://t.co/X2uEIsPGsg
POSITIVE	Life science becoming 'growth engine' following Sigma-Aldrich buy, #Merck ( $MRK). Read more: https://t.co/v1pftsigq9
NEGATIVE	To doctor today, exhausted. Two weeks until if I'm sure I'm still in remission. #Merck
NEGATIVE	#Merck Goes To Court Against #Gilead Sciences https://t.co/jUAr5YjgYJ https://t.co/CPYx3Qnrj6
NEGATIVE	#Merck ( $MRK) Profit Dented by Acquisition Costs. Read more: https://t.co/i9Z5njeeiW
NEGATIVE	Private Wealth Partners LLC Decreases Position in #Merck &amp; Co., Inc. ( $MRK). Read more: https://t.co/pZQoaz5Lw6
NEGATIVE	Sanofi Pasteur, #Merck ( $MRK) plan to end joint vaccines operations in Europe. Read more: https://t.co/08EGikrpih
POSITIVE	$MRK:US  Merck Says FDA Accepts Supplemental Biologics License Application For Keytruda #MERCK &amp; CO  https://t.co/y1AVqqp5Cb #SP500
POSITIVE	Our guest in the innovation center: Prof. Fujita(UTokyo)talks about the Crystalline Sponge method #merck #darmstadt https://t.co/U3fBEWZZyw
POSITIVE	#Merck CFO: We aim to grow our Life Science business sector in line with the market. #Merck2015 #annualreport https://t.co/PpWpoRaYYb
POSITIVE	RT @KariFassbender: Presenting the #merck #accelerator program #darmstadt &amp; #nairobi @cebit #CeBIT2016 @BMZ_Bund @munyachivs #innovation ht…
NEGATIVE	#Merck ( $MRK), Sanofi Pasteur ending JV to market vaccines in Europe. Read more: https://t.co/nA8RLYTPxl
NEGATIVE	#Merck #Mumps #Vaccines Are a Total Fraud: Company Can Only Provide the Courts with Efficacy Data from 50 Years Ago https://t.co/gRGhVOfZSq
POSITIVE	FDA accepts #Merck ( $MRK)'s sBLA for KEYTRUDA in advanced non-small cell lung cancer. Read more: https://t.co/KrtYi8uezN
NEGATIVE	Gilead spars With #Merck ( $MRK) over hepatitis c $1,000-pill royalties. Read more: https://t.co/iVg3ArOogn
POSITIVE	NEW JOB: Elkton VA - Operations Manager - Merck  Co. Inc. Kenilworth N.J. U.S.A. known as... https://t.co/mRHSiFqqO9 #Merck #hiring #jobs
POSITIVE	NEW JOB: Kenilworth NJ - Associate Scientist - Merck  Co. Inc. Kenilworth N.J. U.S.A. kno... https://t.co/Iceajj0mXQ #Merck #hiring #jobs
NEUTRAL	Just #Listed! #durhamcounty  #rougemontnc #butnernc #merck #fccbutner 2600sqft 3 #bed 2.5 #bath… https://t.co/vDtSoLPIc9
POSITIVE	#Merck &amp; Co., Inc. ( $MRK) Shares Bought by Regentatlantic Capital LLC. Read more: https://t.co/PkzpvtH3Yq
NEGATIVE	#MERCK https://t.co/ZTIcvYqTx7 Pot. intermed bot in Downtrend LONGERTERM Wly-Dly-Hly combo chart $DAX #Boerse https://t.co/gl3K5EnQ3D
NEGATIVE	“#Vaccines are Not for Public #Health, It’s Really About Profit” — Former #Merck Sales Rep Reveals https://t.co/69CfaZDVAW #money
NEGATIVE	RT @CFingraphs: #MERCK https://t.co/ZTIcvYqTx7 Pot. cont. Downtrend LONGERTERM Wly-Dly-Hly combo chart $DAX #Boerse https://t.co/cwxKlwZxhl
POSITIVE	RT @KariFassbender: Check-ER is a a platform to get better information about waiting times in emergency rooms #merck #accelerator https://t…
POSITIVE	RT @KariFassbender: Check-ER is a a platform to get better information about waiting times in emergency rooms #merck #accelerator https://t…
NEGATIVE	RT @Bidnessetc: #Merck Goes to #Court Against #GileadSciences - $GILD $MRK https://t.co/IffzhFdvsv https://t.co/HadZe0W5sO
POSITIVE	#Merck&amp;Co. is on Web9 - https://t.co/Y9jirwrsdh. https://t.co/edDg6fHmBU
POSITIVE	#SanofiPasteur &amp; #Merck to End Joint #Vaccines Venture https://t.co/EZG2ANMCNf
POSITIVE	Thank you to #Merck for funding our KNEX engineering project! https://t.co/GazkZ4sVUu
POSITIVE	Production Supervisor Position Available @ #Merck &amp; Co. Associates degree in Life #Science… https://t.co/xdtcXgJKmD https://t.co/8bQixwExSy
NEGATIVE	RT @susan_welch7 https://t.co/KUmHilWqK3 'Vaccine booster industry booming. Did #Merck lie about #MMR effectiveness?' #CDCwhistleblower
POSITIVE	#Merck ( $MRK), IRSI start African Embryologists Training Programme to improve access to quality... Read more: https://t.co/jy7EOZxROM
POSITIVE	#Merck &amp; Co., Inc. ( $MRK) Shares Bought by Macguire Cheswick &amp; Tuttle Investment Counsel LLC. Read more: https://t.co/VEVolGRJZs
NEGATIVE	German #Merck ( $MRK) Q4 Profit Plunges On Acquisition Expenses, Sales Up 15.5% . Read more: https://t.co/DiD8KCernD
POSITIVE	With help from #Merck's cancer therapy product Jimmy Carter says he no longer needs cancer treatment https://t.co/nDPjFNjPgx
POSITIVE	Record sales and EBITDA in 2015 for #Merck ( $MRK) boosted by Sigma-Aldrich deal . Read more: https://t.co/JswN4H7Fho
NEGATIVE	#MERCK https://t.co/ZTIcvYqTx7 Pot. cont. Downtrend INTRAWEEK 60m-15m-4m combo chart $DAX #Aktien https://t.co/Ybd7lPbGN6
POSITIVE	NEW JOB: West Point PA - Manager Operations - Merck  Co. Inc. Kenilworth N.J. U.S.A. know... https://t.co/huKdvVaaLa #Merck #hiring #jobs
NEGATIVE	$MRK:GR Merck Profit Dented by Acquisition Costs #MERCK KGAA  https://t.co/SWylwwgZbk #STOXX600
POSITIVE	Big news for #Merck's cancer therapy and for patients fighting cancer. https://t.co/H7OpnAvFL7
POSITIVE	Manager Global Data and Knowledge Management (m/f) #Darmstadt, Hessen #Merck KGaA https://t.co/rspOnEIjWD
POSITIVE	#Merck CEO Kley: We expect first sales by 2017 in  our #Immuno-oncology therapy
NEGATIVE	#MERCK https://t.co/ZTIcvYqTx7 Pot. intermed bot in Downtrend LONGERTERM Wly-Dly-Hly combo chart $DAX #Boerse https://t.co/8aA6zKuROr
NEGATIVE	RT @betsyclark: #Merck's #mumpsvaccine doesn't work. Their answer? Another #boostershot How many more? https://t.co/Ccu5OaaOvq https://t.co…
NEGATIVE	RT @betsyclark: #Merck's #mumpsvaccine doesn't work. Their answer? Another #boostershot How many more? https://t.co/Ccu5OaaOvq https://t.co…
NEGATIVE	RT @betsyclark: #Merck's #mumpsvaccine doesn't work. Their answer? Another #boostershot How many more? https://t.co/Ccu5OaaOvq https://t.co…
NEGATIVE	Gilead, #Merck ( $MRK) &amp; Co. Duke It Out Over Hep C $1,000-Pill Royalties  . Read more: https://t.co/1A4GxLnY9D
POSITIVE	CompaniesAcquisition boosts top line at Merck KGaA - Financial Times #merck https://t.co/1hY653Kr4l
NEGATIVE	$MRK:US Lebenthal Holdings LLC Reduces Position in Merck &amp; Co., Inc. (MRK) #MERCK &amp; CO  https://t.co/4lXp0p73cs #SP500
NEUTRAL	HSBC Analysts Give #Merck KGaA ( $MRK) a €88.00 Price Target. Read more: https://t.co/DCpwOCdHn6
POSITIVE	manufacturing site controller (m/f) – Life Science #Darmstadt, Hessen #Merck KGaA https://t.co/ZsnH79BuEz
POSITIVE	Gargoyle Investment Advisor L.L.C. Has $2,735,000 Stake in #Merck &amp; Co., Inc. ( $MRK). Read more: https://t.co/h8l2iwkIsm
POSITIVE	Genderson says #Merck scientists like gem hunters who ID'd a small area of land that contained the gems, long before #Gilead staked claim.
NEGATIVE	#Children's #Vaccinations Causes #Autism – Say #USgovernment &amp; #Merck’s #Director of #Vaccines https://t.co/Lthiw7HUp1 #baby #pregnant #NHS
NEUTRAL	#Merck KGaA ( $MRK) Given a €88.00 Price Target by Deutsche Bank Analysts. Read more: https://t.co/BNyrpGiQ4P
POSITIVE	"We are a different company from what we were 10 years ago." #Merck CEO Kley says at our annual press conference. https://t.co/CzFvpvLxUZ
POSITIVE	RT @KariFassbender: Pitch Day for the #Merck #Accelerator is about to start @merckgroup Very excited!!! https://t.co/60tZabdIl9
POSITIVE	#Merck ( $MRK) Names Sanat Chattopadhyay President of Merck Manufacturing Division; Will Succeed... Read more: https://t.co/vI9QyVHveu
POSITIVE	#Merck KGaA #Profit Beats Estimates On Life-Sciences Business #earnings #stocks #Aktien https://t.co/WGrQrwiaCI via @business
NEGATIVE	#Sanofi and #Merck call time on #vaccine #collaboration - #pharma #PharmaNews https://t.co/WxhmINtTLr
NEGATIVE	How about #Vaccine Manufacturers like #Merck? It's acceptable that they have ZERO liability for a #vaccineinjury?  https://t.co/TLGH1cDuMt
POSITIVE	Spending the day @cebit #CeBIT2016 with the #merck #accelerator team! Discussing #eHealth and #Africa https://t.co/2B3KBK1VOl
POSITIVE	Polywed provides personalized fertility recommendation couples! #pitchday #merck #accelerator @merckgroup @XLHEALTH https://t.co/6KGEaWQo5Z
POSITIVE	Amiko provides quantified medicine to improve health globally #pitchday #merck #accelerator @xlhealth @SimonUee https://t.co/ajyZgeneLl
NEUTRAL	#Sanofi and #Merck pull the plug on European #vaccines venture https://t.co/fPI9wJcbgt
POSITIVE	$MRK:US Kanaly Trust Co. Has $2,067,000 Stake in Merck &amp; Co., Inc. (MRK) #MERCK &amp; CO  https://t.co/GUM6tqNOit #SP500
NEGATIVE	$MRK:US Gilead Tries to Block Merck''s Patent Claims on Hepatitis Drugs #MERCK &amp; CO  https://t.co/tssT8qKGNu #SP500
NEGATIVE	MMR Vaccinated College Kids Spreading #Mumps in #Indiana #Merck https://t.co/30cfb0AtqV https://t.co/RWZzsqYAr5
POSITIVE	#Merck ( $MRK) links up with University of Buea, Cameroon to accelerate treatment for river blin... Read more: https://t.co/3OUNatWjh3
NEGATIVE	RT @sparklesco: Is #Bayer #Merck blocking the TRUTH #SweeteningThePill @RickiLake @abbyepstein @MSNBC? #Essure #WomensLivesMatter https://t…
NEGATIVE	RT @sparklesco: Is #Bayer #Merck blocking the TRUTH #SweeteningThePill @RickiLake @abbyepstein @MSNBC? #Essure #WomensLivesMatter https://t…
NEGATIVE	RT @sparklesco: Is #Bayer #Merck blocking the TRUTH #SweeteningThePill @RickiLake @abbyepstein @MSNBC? #Essure #WomensLivesMatter https://t…
NEGATIVE	RT @sparklesco: Is #Bayer #Merck blocking the TRUTH #SweeteningThePill @RickiLake @abbyepstein @MSNBC? #Essure #WomensLivesMatter https://t…
NEGATIVE	RT @sparklesco: Is #Bayer #Merck blocking the TRUTH #SweeteningThePill @RickiLake @abbyepstein @MSNBC? #Essure #WomensLivesMatter https://t…
NEGATIVE	RT @sparklesco: Is #Bayer #Merck blocking the TRUTH #SweeteningThePill @RickiLake @abbyepstein @MSNBC? #Essure #WomensLivesMatter https://t…
NEGATIVE	RT @sparklesco: Is #Bayer #Merck blocking the TRUTH #SweeteningThePill @RickiLake @abbyepstein @MSNBC? #Essure #WomensLivesMatter https://t…
NEGATIVE	RT @sparklesco: Is #Bayer #Merck blocking the TRUTH #SweeteningThePill @RickiLake @abbyepstein @MSNBC? #Essure #WomensLivesMatter https://t…
NEGATIVE	RT @sparklesco: Is #Bayer #Merck blocking the TRUTH #SweeteningThePill @RickiLake @abbyepstein @MSNBC? #Essure #WomensLivesMatter https://t…
NEGATIVE	RT @sparklesco: Is #Bayer #Merck blocking the TRUTH #SweeteningThePill @RickiLake @abbyepstein @MSNBC? #Essure #WomensLivesMatter https://t…
NEGATIVE	RT @sparklesco: Is #Bayer #Merck blocking the TRUTH #SweeteningThePill @RickiLake @abbyepstein @MSNBC? #Essure #WomensLivesMatter https://t…
POSITIVE	#Merck ( $MRK) reports record results for 2015. Read more: https://t.co/jru6f34Aph
POSITIVE	NEW JOB: West Point PA - Manager Operations - Merck  Co. Inc. Kenilworth N.J. U.S.A. know... https://t.co/owKeArUnAQ #Merck #hiring #jobs
NEGATIVE	Sanofi, #Merck ( $MRK) End Vaccine Joint Venture in Europe. Read more: https://t.co/t6rsGGlpbK
NEUTRAL	#Merck : Sanofi Pasteur and Merck (Known as MSD Outside the United States and ... https://t.co/HtbiA76igC $MRK
NEGATIVE	#Gilead spars with #Merck over #hepatitis C $1,000-a-pill royalties https://t.co/HsZwwSwXoH #Medicine #Healthcare #Patent
NEGATIVE	RT @crvallotton: Big Pharma Whistleblower Brandy Vaughn Exposes Forced-Vaccinations Despite Intimidation #Merck  https://t.co/WVF4jHAYPt
POSITIVE	No profits, no cures. Capitalism = innovation, and that's proven. https://t.co/LNvT6mEpzK #Gilead #Merck #AbbVie
NEUTRAL	RT @AcceleratorHong: Next: Fedor from Healthprint #Merck #Accelerator https://t.co/hzTwuUFjGk
NEGATIVE	#Merck ( $MRK) KGaA (MKGAF) Q4 Earnings Decline Y/Y. Read more: https://t.co/3KmLD30fFh
POSITIVE	RT @kocakece: Igniting a passion for science #sparkcuriosity #teamwork #Merck @merckgroup https://t.co/4pA7tUZ1RC
POSITIVE	RT @C3ciB4M: #sparkcuriosity with Puelmapu students in Santiago de Chile. Those experiences will be also in our minds. #Merck https://t.co/…
NEGATIVE	Sanofi and #Merck ( $MRK) to dissolve vaccines JV. Read more: https://t.co/i8JXE2Fvu8
NEGATIVE	#Merck ( $MRK) 2015 Net Income Decreases; Proposes To Increase Dividend - Quick Facts . Read more: https://t.co/wltTDhDpGV
NEGATIVE	#Sanofi, #Merck Plan to #EndJointVaccinesVenture in #Europe https://t.co/xEfSlp091V
POSITIVE	#Merck ( $MRK) KGaA aims for 2016 earnings growth thanks to takeover. Read more: https://t.co/8mptsKm9DR
NEGATIVE	Gilead spars With #Merck ( $MRK) over hepatitis c $1,000-pill royalties. Read more: https://t.co/SSMXylY3JJ
POSITIVE	Welch &amp; Forbes LLC Has $29,312,000 Position in #Merck &amp; Co., Inc. ( $MRK). Read more: https://t.co/5bEVfm4p2s
NEGATIVE	#Merck, #Sanofi Pasteur ending JV to market vaccines in #Europe https://t.co/wUSLGCJ3t5 https://t.co/C4QYCKhhvw
NEUTRAL	RT @KariFassbender: Q&amp;A session @Medic_sen by our elaborated jury @merckgroup #pitchday #merck #accelerator @XLHEALTH @minsungseankim https…
NEUTRAL	RT @KariFassbender: Q&amp;A session @Medic_sen by our elaborated jury @merckgroup #pitchday #merck #accelerator @XLHEALTH @minsungseankim https…
NEUTRAL	RT @KariFassbender: Q&amp;A session @Medic_sen by our elaborated jury @merckgroup #pitchday #merck #accelerator @XLHEALTH @minsungseankim https…
POSITIVE	@matibabu8 will be in the #merck #accelerator darmstadt for the next three months! @MakerereU https://t.co/6xncwkcEyP
POSITIVE	#Merck &amp; Co., Inc. ( $MRK) Shares Bought by Douglass Winthrop Advisors LLC. Read more: https://t.co/APcPuHOeCV
NEUTRAL	How #BigPharma silences real women's stories. #Bayer #Merck #essure #Yaz #NuvaRing #birthcontrol #sweeteningthepill https://t.co/IeCsDhAe6B
POSITIVE	RT @KariFassbender: Spending the day @cebit #CeBIT2016 with the #merck #accelerator team! Discussing #eHealth and #Africa https://t.co/2B3K…
POSITIVE	Today, #Merck #Accelerator team is at #CeBIT2016 to talk about #eHealth and our initiatives in #Europe &amp; #Africa https://t.co/rhsfJRqUu8
POSITIVE	#Merck &amp; Co., Inc. ( $MRK) Shares Bought by Loring Wolcott &amp; Coolidge Fiduciary Advisors LLP MA. Read more: https://t.co/RcPlISmVl4
NEGATIVE	Rivalry Between Gilead and #Merck ( $MRK) Heats Up. Read more: https://t.co/do49e8iXd2
POSITIVE	#Merck ( $MRK) appoints Sanat Chattopadhyay as VP, President . Read more: https://t.co/d27sdhw8gR
POSITIVE	RT @lofvers: The value of Supply Chain segmentation in Pharma | great blog by Alessandro De Luca https://t.co/aEEyeERH5A #supplychain #phar…
NEGATIVE	Sanofi, #Merck ( $MRK) to split up their long-standing vaccines JV in Europe. Read more: https://t.co/wxQKR83Y9R
NEGATIVE	#MERCK https://t.co/ZTIcvYqTx7 Pot. cont. Downtrend LONGERTERM Wly-Dly-Hly combo chart $DAX #Boerse https://t.co/qjXPeKZun4
NEGATIVE	$MRK:GR Merck Profit Dented by Acquisition Costs #MERCK KGAA  https://t.co/FryO4bwPix #STOXX600
NEGATIVE	I was told to #invest in #Merck in 95. Glad I didnt...bc I'm not #complicit in their #crimes https://t.co/1efnBfTWNf https://t.co/sRDD8XZd7l
POSITIVE	NEW JOB: Philadelphia PA - Manager Operations - Multiple Shifts - Merck  Co. Inc. Kenilwo... https://t.co/mAT65CbmJu #Merck #hiring #jobs
NEGATIVE	#Merck ( $MRK) KGaA's Q4 Earnings Down Y/Y, Offers 2016 Outlook. Read more: https://t.co/vPxB2V37Ae
NEGATIVE	RT @mvdweyer: #Merck KGaA #Profit Beats Estimates On Life-Sciences Business #earnings #stocks #Aktien https://t.co/WGrQrwiaCI via @business
NEGATIVE	Ending 20-year partnership, #Sanofi and #Merck close down joint #vaccines venture https://t.co/7GCpETK5lP via @biopharmadive
POSITIVE	#Merck ( $MRK) &amp; Co. Applauds (VA) For Broadening Treatment Access For Veterans With Chronic Hep... Read more: https://t.co/ufEWpXsu2J
POSITIVE	#CharlesBrandes top buys during #Q42015, #Merck &amp; Co. Inc. #MRK https://t.co/eIMcQzA5a7
NEGATIVE	Sanofi Pasteur and #Merck ( $MRK) end European vaccines venture. Read more: https://t.co/Gi5hoBU3pP
POSITIVE	Life science leader #Merck launches new innovations at Pittcon 2016 https://t.co/JxwCdzx4OC #healthcare https://t.co/hyLikVnwOr
NEGATIVE	Sanofi Pasteur and #Merck ( $MRK) end European vaccines venture. Read more: https://t.co/mmzPd4Z7al
NEGATIVE	Sanofi: Sanofi Pasteur and MSD (Known as #Merck ( $MRK) in the United States and Canada) Announc... Read more: https://t.co/GmGL7GCbiD
NEGATIVE	It's Over For Sanofi and #Merck ( $MRK) European Joint Vaccines Venture. Read more: https://t.co/RAJqPy9XiH
POSITIVE	#Merck ( $MRK) &amp; Co. Release: FDA Accepts Supplemental Biologics License Application (Sbla) For ... Read more: https://t.co/dSArXDZ6kk
POSITIVE	Germany's #Merck ( $MRK) Boosted by Diversification Into Life Sciences -- 2nd Update. Read more: https://t.co/zmnKJofyA6
POSITIVE	#Merck &amp; Co., Inc. ( $MRK) Stake Held by Harvey Investment Co. LLC. Read more: https://t.co/VF6zkfLtvs
NEGATIVE	RT @CFingraphs: #MERCK https://t.co/ZTIcvYqTx7 Pot. cont. Downtrend INTRAWEEK 60m-15m-4m combo chart $DAX #Aktien https://t.co/Ybd7lPbGN6
NEGATIVE	Sanofi, #Merck ( $MRK) to Dissolve Joint Vaccines Venture in Europe. Read more: https://t.co/itaqx9sVVU
POSITIVE	NEW JOB: PA - Senior Statistician - Responsibilities Developing coordinating and providin... https://t.co/xA9t507tGL #Merck #hiring #jobs
POSITIVE	RT @KariFassbender: PlantIT provides a simple solution for DIY gardeners to maintain their garden successfully #merck #accelerator #pitchda…
POSITIVE	#Merck ( $MRK) &amp; Co. Names President Of Manufacturing Division; Will Succeed Who Will Retire  . Read more: https://t.co/Yk61GcsYsa
NEUTRAL	Sanofi Pasteur and #Merck ( $MRK) Known as MSD Outside the United States and Canada Announce Int... Read more: https://t.co/M6IlDyf6Qd
POSITIVE	RT @KariFassbender: Amiko provides quantified medicine to improve health globally #pitchday #merck #accelerator @xlhealth @SimonUee https:/…
POSITIVE	RT @KariFassbender: Amiko provides quantified medicine to improve health globally #pitchday #merck #accelerator @xlhealth @SimonUee https:/…
POSITIVE	Check-ER will be in the #merck #accelerator program in Darmstadt for the next three months! @Chris_W_A @AcceleratorHong @munyachivs
POSITIVE	RT @scripnews: Space is waiting for you #pharma So come on and take a free ride–literally https://t.co/ci4G5fFgUT via @ScripDonnaDC #merck …
NEUTRAL	futurerxdream anofi and #Merck &amp; Co dissolve longstanding vaccines alliance https://t.co/zjK4dlmKNw #uncategorized
POSITIVE	#Merck KGaA : Finishes Record Year 2015 Stronger https://t.co/2OdPp3ZPMR $MRK
POSITIVE	Big news for #Merck's cancer therapy and for patients fighting cancer. https://t.co/rwtTbjnkWZ
NEUTRAL	#Merck KGaA ( $MRK) Given a €82.00 Price Target by Societe Generale Analysts. Read more: https://t.co/Vq31DlkldG
POSITIVE	RT @MsFinnertyLMS: Thank you to #Merck for funding our KNEX engineering project! https://t.co/GazkZ4sVUu
NEGATIVE	BristolMyers Outflanks #Merck ( $MRK) By Embracing Old MassMarketing Approach On Cancer Drug. Read more: https://t.co/J6Y7O6fE9Z
NEGATIVE	$MRK:GR Merck Profit Dented by Acquisition Costs #MERCK KGAA  https://t.co/fQNS9JdEZB #STOXX600
POSITIVE	Peat provides an automatic image recognition of plant diseases #merck #accelerator #pitchday @merckgroup @munyachivs https://t.co/tcBpjKTiL1
POSITIVE	UPDATE 1-#Merck ( $MRK) KGaA aims for 2016 earnings growth thanks to takeover. Read more: https://t.co/K2Oy9lHMxM
NEGATIVE	Lebenthal Holdings LLC Reduces Position in #Merck &amp; Co., Inc. ( $MRK). Read more: https://t.co/PSbNnO9KzH
NEUTRAL	Weekly Research Analysts' Ratings Changes for #Merck KGaA ( $MRK). Read more: https://t.co/cYQIt2s93A
POSITIVE	#Director R&amp;D #Portfolio #Management (m/f) #Merck #KGaA #engineering_jobs #NowHiring #telecom #career_evolution https://t.co/KqRiZCT59O
NEGATIVE	@RickiLake @abbyepstein Has #SweeteningThePill been stalled #Bayer #Merck not wanting TRUTH 2B told? @MSNBC #Essure https://t.co/9iqrkz2Rnw
NEGATIVE	$MRK:US Lebenthal Holdings LLC Reduces Position in Merck &amp; Co., Inc. (MRK) #MERCK &amp; CO  https://t.co/ySgsZGFpdx #SP500
POSITIVE	RT @KariFassbender: Damae Medical provides a medica device for early stage discovery of skin cancer @merckgroup #merck #accelerator https:/…
POSITIVE	RT @KariFassbender: Damae Medical provides a medica device for early stage discovery of skin cancer @merckgroup #merck #accelerator https:/…
POSITIVE	#Merck KGaA : Collaborates with University of Buea, Cameroon, to Speed-Up Earl... https://t.co/EMP2bkBR2R $MRK
POSITIVE	Q&amp;A session @Medic_sen by our elaborated jury @merckgroup #pitchday #merck #accelerator @XLHEALTH @minsungseankim https://t.co/goPQ1QnNxt
NEUTRAL	#mercury 51 #Merck Lowrider #fast #mafia #candy red https://t.co/EtAudXCGZp
POSITIVE	#Merck &amp; Co., Inc. ( $MRK) Stake Increased by DekaBank Deutsche Girozentrale. Read more: https://t.co/0g46LvL9qA
POSITIVE	The #Merck #Accelerator #Europe and #Africa team is @cebit #CeBIT2016 today! Come visit us @BMZ_Bund Hall 11, D34 https://t.co/qbKlGhjS8w
POSITIVE	With help from #Merck's cancer therapy product Jimmy Carter says he no longer needs cancer treatment
POSITIVE	PlantIT provides a simple solution for DIY gardeners to maintain their garden successfully #merck #accelerator #pitchday @merckgroup
POSITIVE	RT @KariFassbender: #Pitchday @merckgroup starts with the pitch of @Medic_sen #merck #accelerator @munyachivs https://t.co/VBbTYRCUZb
POSITIVE	RT @KariFassbender: #Pitchday @merckgroup starts with the pitch of @Medic_sen #merck #accelerator @munyachivs https://t.co/VBbTYRCUZb
NEGATIVE	RT @pharma_sector: Sanofi, #Merck ( $MRK) to split up their long-standing vaccines JV in Europe. Read more: https://t.co/wxQKR83Y9R
NEGATIVE	Gilead spars With #Merck ( $MRK) over hepatitis c $1,000-pill royalties. Read more: https://t.co/AtAZEniSFS
NEGATIVE	German #Merck ( $MRK) Q4 Profit Plunges On Acquisition Expenses, Sales Up 15.5%. Read more: https://t.co/RZqaDYJKSv
POSITIVE	NEW JOB: Kenilworth NJ - Associate Scientist - Merck  Co. Inc. Kenilworth N.J. U.S.A. kno... https://t.co/eUkVNOiGWx #Merck #hiring #jobs
POSITIVE	Great to have @matibabu8 join the #merck #accelerator Come &amp; meet the team @cebit #CeBIT2016 today in Hall 11, D 34 https://t.co/J6OyTojM4f
POSITIVE	#Merck ( $MRK) Life Science Leader Launches New Innovations At  . Read more: https://t.co/o5IYehjB0n
POSITIVE	Game changer in cancer treatment. #Keytruda #Merck https://t.co/7voSeJ7PVL
POSITIVE	#Pitchday @merckgroup starts with the pitch of @Medic_sen #merck #accelerator @munyachivs https://t.co/VBbTYRCUZb
NEGATIVE	Douglas C. Lane &amp; Associates Inc. Lowers Position in #Merck &amp; Co., Inc. ( $MRK). Read more: https://t.co/vKvs98Osnr
NEGATIVE	RT @sparklesco: @RickiLake @abbyepstein Has #SweeteningThePill been stalled #Bayer #Merck not wanting TRUTH 2B told? @MSNBC #Essure https:/…
NEGATIVE	RT @sparklesco: @RickiLake @abbyepstein Has #SweeteningThePill been stalled #Bayer #Merck not wanting TRUTH 2B told? @MSNBC #Essure https:/…
NEGATIVE	RT @sparklesco: @RickiLake @abbyepstein Has #SweeteningThePill been stalled #Bayer #Merck not wanting TRUTH 2B told? @MSNBC #Essure https:/…
NEGATIVE	RT @sparklesco: @RickiLake @abbyepstein Has #SweeteningThePill been stalled #Bayer #Merck not wanting TRUTH 2B told? @MSNBC #Essure https:/…
POSITIVE	#Merck ( $MRK)'s Zepatier added to VA formulary. Read more: https://t.co/quftSmrjTo
NEGATIVE	Sanofi and #Merck ( $MRK) Are Ditching a 22-Year-Old Joint Venture. Read more: https://t.co/y7ss3rM75k
POSITIVE	#Merck ( $MRK) KGaA sees adj EBITDA growth of up to 20 pct in 2016. Read more: https://t.co/heWxmasrUA
NEGATIVE	Rivalry Between #Gilead &amp; #Merck Heats Up   https://t.co/UertQHxDSJ https://t.co/8Y5hz0lwaE
POSITIVE	NEW JOB: PA - Senior Statistician - Responsibilities Developing coordinating and providin... https://t.co/oLzqBeORRa #Merck #hiring #jobs
POSITIVE	#Merck &amp; Co., Inc. ( $MRK) Shares Bought by Macguire Cheswick &amp; Tuttle Investment Counsel LLC. Read more: https://t.co/taXRSLSmbk
NEGATIVE	#Merck, #SanofiPasteur ending JV to market vaccines in Europe https://t.co/usDhRdT6wq
NEGATIVE	https://t.co/kr62sxjDOe 'Vaccine booster industry booming. Did #Merck lie about #MMR effectiveness?' #CDCwhistleblower
POSITIVE	#Merck&amp;Co. is on Web9 - https://t.co/Y9jirwrsdh. https://t.co/Q9iSytDYLs
POSITIVE	With help from #Merck's #cancer therapy product Jimmy Carter says he no longer needs cancer treatment https://t.co/EfMuKBdkM9
POSITIVE	With help from #Merck cancer therapy product Jimmy Carter says he no longer needs cancer treatment https://t.co/Ie3MnnIbkW via @statnews
NEUTRAL	#Merck KGaA ( $MRK) Given a €82.00 Price Target by Independent Research GmbH Analysts. Read more: https://t.co/mf17Pj9D2S
NEUTRAL	Deutsche Bank Analysts Give #Merck KGaA ( $MRK) a €88.00 Price Target. Read more: https://t.co/b6NmotOzL3
POSITIVE	@theGiftedMom presenting at #CeBIT2016 @merckgroup #Merck #accelerator participants @KariFassbender https://t.co/rTjy1bloN8
POSITIVE	Gargoyle Investment Advisor L.L.C. Has $2,735,000 Stake in #Merck &amp; Co., Inc. ( $MRK). Read more: https://t.co/0p6SSQep03
NEGATIVE	Big Pharma Whistleblower Brandy Vaughn Exposes Forced-Vaccinations Despite Intimidation #Merck  https://t.co/WVF4jHAYPt
NEGATIVE	#Merck ( $MRK), Sanofi Pasteur ending JV to market vaccines in Europe. Read more: https://t.co/HAHNljEWnD
POSITIVE	XLHEALTH: RT KariFassbender: Amiko provides quantified medicine to improve health globally #pitchday #merck #accel… https://t.co/cvEJwajFJx
NEUTRAL	#Merck KGaA ( $MRK) Given a €82.00 Price Target at Societe Generale. Read more: https://t.co/mX19bWM2Yt
NEGATIVE	RT @MerckMMRLawsuit: Misplaced blame. Corporate media has no credibility Re. #vaccine reporting. Cover the #Merck MMR lawsuit cowards! http…
POSITIVE	RT @KariFassbender: Peat provides an automatic image recognition of plant diseases #merck #accelerator #pitchday @merckgroup @munyachivs ht…
POSITIVE	Life Science Leader #Merck ( $MRK) &amp; Co. Launches New Innovations At  . Read more: https://t.co/rg2GGIFuji
NEUTRAL	#Sanofi and #Merck pull the plug on European vaccines venture  #pharmacompass    https://t.co/JOftMTcL6F https://t.co/utibTlXfP0
POSITIVE	RT @reutersBenHir: Success story for #Merck's #Keytruda immunotherapy? Jimmy #Carter says he no longer needs #cancer treatments https://t.c…
POSITIVE	RT @reutersBenHir: Success story for #Merck's #Keytruda immunotherapy? Jimmy #Carter says he no longer needs #cancer treatments https://t.c…
POSITIVE	RT @reutersBenHir: Success story for #Merck's #Keytruda immunotherapy? Jimmy #Carter says he no longer needs #cancer treatments https://t.c…
POSITIVE	RT @reutersBenHir: Success story for #Merck's #Keytruda immunotherapy? Jimmy #Carter says he no longer needs #cancer treatments https://t.c…
NEUTRAL	#Merck KGaA ( $MRK) Given a €84.00 Price Target at Barclays. Read more: https://t.co/NkI0dzSUxt
POSITIVE	#Merck &amp; Co., Inc. ( $MRK) Shares Bought by Hengehold Capital Management LLC. Read more: https://t.co/bynnmSN0GU
NEGATIVE	#MERCK https://t.co/ZTIcvYqTx7 Pot. cont. Downtrend LONGERTERM Wly-Dly-Hly combo chart $DAX #Boerse https://t.co/cwxKlwZxhl
NEGATIVE	Has #Bayer #Merck stalled the movie not wanting the TRUTH 2B told? @MSNBC @RickiLake #SweeteningThePill #Essure https://t.co/SXrrlRQea7
POSITIVE	#Merck ( $MRK) hands top manufacturing job to Sanat Chattopadhyay. Read more: https://t.co/nLX8Go2lWf
POSITIVE	#Merck &amp; Co., Inc. ( $MRK) Stake Boosted by Texan Capital Management. Read more: https://t.co/tgNoV5MLbG
NEUTRAL	Now @merckgroup #pitchday #merck #accelerator  Healthprint.io to print splints simply! @SimonUee @Chris_W_A https://t.co/5c2ACakGUK
NEGATIVE	Private Wealth Partners LLC Decreases Position in #Merck &amp; Co., Inc. ( $MRK). Read more: https://t.co/3ddQaeUp2c
NEGATIVE	#Merck ( $MRK), Sanofi ending European vaccines JV. Read more: https://t.co/7T9YE8pKRg
NEUTRAL	RT @mastersrock222: Pharmalot Pharmalittle: #Gilead &amp; #Merck battle over #hepatitis C patents  #pharmacompass   https://t.co/6vuHylMvHz htt…
POSITIVE	Tomorrow is a follow up to the drug study that saved my life. I have to be up &amp; on my way out of town early. Am nervous, can't sleep. #Merck
POSITIVE	#MERCK to begin its Phase II/III trial of #verubecestat for #Alzheimers. #drug: #βsecretase shall #prevent issue of #amyloidprecursorprotein
POSITIVE	The value of Supply Chain segmentation in Pharma | great blog by Alessandro De Luca https://t.co/aEEyeERH5A #supplychain #pharma #Merck
POSITIVE	#Merck ( $MRK) KGaA lifts sales and earnings, expects higher revenue and Ebitda in 2016. Read more: https://t.co/IuWAHF3wsh
POSITIVE	Our great jury is discussing the amazing 10 startups of the #merck #accelerator #pitchday @merckgroup Winners will be announced soon!
POSITIVE	Gr8 pitches all round @ #Merck #accelerator. Well done team @merckgroup @AcceleratorHong @KariFassbender @Chris_W_A  https://t.co/M6TSohwAef
POSITIVE	RT @KariFassbender: @Medic_sen provides you a simple, automated and personalised diabetes control App! #pitchday #merck #accelerator
POSITIVE	Space is waiting for you #pharma So come on and take a free ride–literally https://t.co/ci4G5fFgUT via @ScripDonnaDC #merck #novartis #lilly
POSITIVE	Pitching @theGiftedMom @BMZ_Bund @cebit #cebit2016 Looking forward to working with you! #merck #accelerator #Africa https://t.co/kZ0aYRoAXv
POSITIVE	#Merck ( $MRK) moves to expand Keytruda label for NSCLC. Read more: https://t.co/YSigsXnFOf
POSITIVE	#Merck&amp;Co. is on Web9 - https://t.co/uxvKIJfd4B. https://t.co/yneKne5AtI
POSITIVE	#Merck : Names Sanat Chattopadhyay President of Merck Manufacturing Division; ... https://t.co/t7eHnaE7T2 $MRK
POSITIVE	One of the #merck #accelerator #pitchday winners @matibabu8 pitching @BMZ_Bund @cebit #cebit2016 https://t.co/Rxp9KhCWS8
NEUTRAL	Market Update: #Merck &amp; Co Inc (NYSE: $MRK) - Sanofi Pasteur and Merck (Known as MSD Outside the... Read more: https://t.co/ew59DL1NKZ
POSITIVE	RT @annika_zille: How to get VC: demonstrate deep knowledge of your market #Merck #accelerator @minsungseankim
POSITIVE	Retweeted Betsy Clark (@betsyclark):  #Merck's #mumpsvaccine doesn't work. Their answer? Another #boostershot How... https://t.co/BDv0cLBea3
NEGATIVE	Sanofi Pasteur, #Merck ( $MRK) End European Vaccines Joint Venture. Read more: https://t.co/5mnVKGhA4V
POSITIVE	#Merck ( $MRK) KGaA 4th-qtr net income well below expectations, but sales and EBITDA beat. Read more: https://t.co/F3uQ2qPx9X
NEUTRAL	$MRK #MERCK KGAA Healthcare remains weak, Life Science becomes the new shinin... https://t.co/RT3Z9yDB6m #invest https://t.co/NITxlbC6ld
POSITIVE	#Merck with record 2015: Sales +13.0% to 12.8bn €, EBITDA pre +7.1% to 3.6bn € / Life Science growth driver in 2015 https://t.co/uEObEd666f
POSITIVE	Damae Medical provides a medica device for early stage discovery of skin cancer @merckgroup #merck #accelerator https://t.co/VXtMRan3Az
POSITIVE	RT @K_Biosciences: Production Supervisor Position Available @ #Merck &amp; Co. Associates degree in Life #Science… https://t.co/xdtcXgJKmD http…
POSITIVE	RT @K_Biosciences: Production Supervisor Position Available @ #Merck &amp; Co. Associates degree in Life #Science… https://t.co/xdtcXgJKmD http…
POSITIVE	RT @K_Biosciences: Production Supervisor Position Available @ #Merck &amp; Co. Associates degree in Life #Science… https://t.co/xdtcXgJKmD http…
NEGATIVE	E&amp;G Advisors LP Sells 6,595 Shares of #Merck &amp; Co., Inc. ( $MRK). Read more: https://t.co/xO0mPyd5LZ
NEGATIVE	#MERCK https://t.co/ZTIcvYqTx7 Pot. intermed bot in Downtrend LONGERTERM Wly-Dly-Hly combo chart $DAX #Boerse https://t.co/cF5OP2dz0E
NEGATIVE	RT @sb277bot: RT @susan_welch7 https://t.co/KUmHilWqK3 'Vaccine booster industry booming. Did #Merck lie about #MMR effectiveness?' #CDCwhi…
POSITIVE	With help from #Merck cancer therapy product Jimmy Carter says he no longer needs cancer treatment https://t.co/Ek22N99Rkb via @statnews
POSITIVE	#winning #teams for the #merck #accelerator in Darmstadt @matibabu , peat , check-ER https://t.co/L44HEEi9Nv
POSITIVE	NEW JOB: Kenilworth NJ - Associate Scientist - Merck  Co. Inc. Kenilworth N.J. U.S.A. kno... https://t.co/AgjJtcjIJY #Merck #hiring #jobs
NEGATIVE	Sanofi and #Merck ( $MRK)  and  Co to end their joint vaccines operations in Europe . Read more: https://t.co/WmV3BGR7gi
NEUTRAL	Cold #macandcheese from #bostonmarket #lunchspread that #merck treated #accesshope to yesterday… https://t.co/ORnPc4e4Bw
POSITIVE	#Merck CEO Kley: Our new brand makes us stronger https://t.co/T2HlGbXXET
POSITIVE	@Medic_sen provides you a simple, automated and personalised diabetes control App! #pitchday #merck #accelerator
POSITIVE	RT @annika_zille: Get a personal introduction to VCs #merck #accelerator @minsungseankim
POSITIVE	Check-ER is a a platform to get better information about waiting times in emergency rooms #merck #accelerator https://t.co/vNIT7j3wZt
NEGATIVE	#Merck, #Sanofi Pasteur ending JV to market vaccines in #Europe https://t.co/9cozPug6tn https://t.co/phwPwo54CU
POSITIVE	RT @KariFassbender: Great to have @matibabu8 join the #merck #accelerator Come &amp; meet the team @cebit #CeBIT2016 today in Hall 11, D 34 htt…
POSITIVE	RT @KariFassbender: Great to have @matibabu8 join the #merck #accelerator Come &amp; meet the team @cebit #CeBIT2016 today in Hall 11, D 34 htt…
POSITIVE	RT @KariFassbender: Great to have @matibabu8 join the #merck #accelerator Come &amp; meet the team @cebit #CeBIT2016 today in Hall 11, D 34 htt…
POSITIVE	RT @SkafarPierre: #Top10 Greeatest pharmaceutical company of 2015 #roche #novartis #sanofi #merck https://t.co/mCU4yXJKTT
POSITIVE	#Merck ( $MRK) &amp; Co. Joins ??4.5 Million Dementia Consortium       . Read more: https://t.co/sfJffWbuOQ
NEGATIVE	RT @hollygriggspall: How #BigPharma silences real women's stories. #Bayer #Merck #essure #Yaz #NuvaRing #birthcontrol #sweeteningthepill ht…
NEGATIVE	RT @hollygriggspall: How #BigPharma silences real women's stories. #Bayer #Merck #essure #Yaz #NuvaRing #birthcontrol #sweeteningthepill ht…
NEGATIVE	RT @hollygriggspall: How #BigPharma silences real women's stories. #Bayer #Merck #essure #Yaz #NuvaRing #birthcontrol #sweeteningthepill ht…
NEGATIVE	RT @hollygriggspall: How #BigPharma silences real women's stories. #Bayer #Merck #essure #Yaz #NuvaRing #birthcontrol #sweeteningthepill ht…
NEGATIVE	RT @hollygriggspall: How #BigPharma silences real women's stories. #Bayer #Merck #essure #Yaz #NuvaRing #birthcontrol #sweeteningthepill ht…
NEGATIVE	RT @hollygriggspall: How #BigPharma silences real women's stories. #Bayer #Merck #essure #Yaz #NuvaRing #birthcontrol #sweeteningthepill ht…
NEGATIVE	RT @hollygriggspall: How #BigPharma silences real women's stories. #Bayer #Merck #essure #Yaz #NuvaRing #birthcontrol #sweeteningthepill ht…
NEGATIVE	RT @hollygriggspall: How #BigPharma silences real women's stories. #Bayer #Merck #essure #Yaz #NuvaRing #birthcontrol #sweeteningthepill ht…
NEGATIVE	RT @hollygriggspall: How #BigPharma silences real women's stories. #Bayer #Merck #essure #Yaz #NuvaRing #birthcontrol #sweeteningthepill ht…
NEGATIVE	RT @hollygriggspall: How #BigPharma silences real women's stories. #Bayer #Merck #essure #Yaz #NuvaRing #birthcontrol #sweeteningthepill ht…
POSITIVE	#Merck ( $MRK) Says FDA Accepts Supplemental Biologics License Application For Keytruda. Read more: https://t.co/TRuLYOh9EC
POSITIVE	#Merck&amp;Co. is on Web9 - https://t.co/uxvKIJfd4B. https://t.co/67nXH8FUv9
POSITIVE	NEW JOB: Philadelphia PA - Manager Operations - Multiple Shifts - Merck  Co. Inc. Kenilwo... https://t.co/zAYYGqsmbs #Merck #hiring #jobs
POSITIVE	RT @munyachivs: Gr8 pitches all round @ #Merck #accelerator. Well done team @merckgroup @AcceleratorHong @KariFassbender @Chris_W_A  https:…
POSITIVE	Presenting the #merck #accelerator program #darmstadt &amp; #nairobi @cebit #CeBIT2016 @BMZ_Bund @munyachivs #innovation https://t.co/bU3bxAwMZV
POSITIVE	RT @KariFassbender: @matibabu8 will be in the #merck #accelerator darmstadt for the next three months! @MakerereU https://t.co/6xncwkcEyP
POSITIVE	RT @KariFassbender: @matibabu8 will be in the #merck #accelerator darmstadt for the next three months! @MakerereU https://t.co/6xncwkcEyP
POSITIVE	RT @KariFassbender: @matibabu8 will be in the #merck #accelerator darmstadt for the next three months! @MakerereU https://t.co/6xncwkcEyP
POSITIVE	#Merck ( $MRK) FDA Accepts Supplemental Biologics License Application sBLA for KEYTRUDAÂ pembrol... Read more: https://t.co/ovytHIRR4H
NEGATIVE	#Merck #Doctor Predicts that #Gardasil #HPV vaccine will Become the Greatest Medical Scandal of All Time https://t.co/yFNWbGqa7O #year7 #NHS
NEGATIVE	#Merck ( $MRK), Gilead wrestle in court over $3B-plus in hep C royalties. Read more: https://t.co/LgYyTHDQLA
POSITIVE	RT @KariFassbender: #winning #teams for the #merck #accelerator in Darmstadt @matibabu , peat , check-ER https://t.co/L44HEEi9Nv
POSITIVE	RT @KariFassbender: #winning #teams for the #merck #accelerator in Darmstadt @matibabu , peat , check-ER https://t.co/L44HEEi9Nv
POSITIVE	RT @KariFassbender: #winning #teams for the #merck #accelerator in Darmstadt @matibabu , peat , check-ER https://t.co/L44HEEi9Nv
POSITIVE	RT @KariFassbender: #winning #teams for the #merck #accelerator in Darmstadt @matibabu , peat , check-ER https://t.co/L44HEEi9Nv
POSITIVE	RT @KariFassbender: #winning #teams for the #merck #accelerator in Darmstadt @matibabu , peat , check-ER https://t.co/L44HEEi9Nv
POSITIVE	RT @KariFassbender: #winning #teams for the #merck #accelerator in Darmstadt @matibabu , peat , check-ER https://t.co/L44HEEi9Nv
POSITIVE	RT @KariFassbender: #winning #teams for the #merck #accelerator in Darmstadt @matibabu , peat , check-ER https://t.co/L44HEEi9Nv
POSITIVE	RT @KariFassbender: #winning #teams for the #merck #accelerator in Darmstadt @matibabu , peat , check-ER https://t.co/L44HEEi9Nv
POSITIVE	"Life Science Leader #Merck Launches New Innovations at Pittcon 2016" https://t.co/REoAODr74q #science #feedly
NEGATIVE	RT @sparklesco: Has #Bayer #Merck stalled the movie not wanting the TRUTH 2B told? @MSNBC @RickiLake #SweeteningThePill #Essure https://t.c…
NEGATIVE	RT @sparklesco: Has #Bayer #Merck stalled the movie not wanting the TRUTH 2B told? @MSNBC @RickiLake #SweeteningThePill #Essure https://t.c…
NEGATIVE	RT @sparklesco: Has #Bayer #Merck stalled the movie not wanting the TRUTH 2B told? @MSNBC @RickiLake #SweeteningThePill #Essure https://t.c…
NEGATIVE	RT @sparklesco: Has #Bayer #Merck stalled the movie not wanting the TRUTH 2B told? @MSNBC @RickiLake #SweeteningThePill #Essure https://t.c…
NEGATIVE	RT @sparklesco: Has #Bayer #Merck stalled the movie not wanting the TRUTH 2B told? @MSNBC @RickiLake #SweeteningThePill #Essure https://t.c…
NEGATIVE	RT @sparklesco: Has #Bayer #Merck stalled the movie not wanting the TRUTH 2B told? @MSNBC @RickiLake #SweeteningThePill #Essure https://t.c…
